<?xml version="1.0" encoding="UTF-8"?>
<beans xmlns="http://www.springframework.org/schema/beans"
	xmlns:xsi="http://www.w3.org/2001/XMLSchema-instance"
	xsi:schemaLocation="http://www.springframework.org/schema/beans https://www.springframework.org/schema/beans/spring-beans.xsd">
	
	<!-- Root Context: defines shared resources visible to all other web components -->
	<bean id="dataSource" 
		class="org.springframework.jdbc.datasource.DriverManagerDataSource">
		<property name="driverClassName" value="oracle.jdbc.driver.OracleDriver"/>
		<property name="url" value="jdbc:oracle:thin:@localhost:1521:xe"/>
		<property name="username" value="fin02"/>
		<property name="password" value="fin02"/>
	</bean>
	
	<bean id="sqlSessionFactory"   class="org.mybatis.spring.SqlSessionFactoryBean">
      <property name="dataSource" ref="dataSource"/>
      <property name="typeAliasesPackage" value="com.itbank.jogiyo.dto" />
      <property name="mapperLocations" value="classpath:com/itbank/jogiyo/mapper/*.xml" />
   </bean>
   
   <bean id="sqlSession" class="org.mybatis.spring.SqlSessionTemplate">
      <constructor-arg name="sqlSessionFactory" ref="sqlSessionFactory"/>
   </bean>
   <bean id="multipartResolver" class="org.springframework.web.multipart.commons.CommonsMultipartResolver">
      <property name="maxUploadSize" value="10485760" />
      <property name="defaultEncoding" value="utf-8" />
   </bean>

</beans>
