<?xml version="1.0" encoding="UTF-8"?>
<!DOCTYPE mapper
 PUBLIC "-//mybatis.org//DTD Mapper 3.0//EN"
 "http://mybatis.org/dtd/mybatis-3-mapper.dtd">
 <mapper namespace="notice">
 	<insert id="insertNotice" parameterType="noticeDTO">
 		insert into jnoti values(jnot_seq.nextval, #{subject}, #{content}, sysdate)
 	</insert>
 	<select id="listNotice" resultType="noticeDTO">
 		select * from jnoti
 	</select>
 	<select id="viewNotice" resultType="noticeDTO" parameterType="int">
 		select * from jnoti where notiid = #{notiid}
 	</select>
	<delete id="deleteNotice" parameterType="int"> 
		delete from jnoti where notiid = #{notiid} 
	</delete>
	<update id="editNotice" parameterType="noticeDTO"> 
		update jnoti set subject = #{subject}, content = #{content} where notiid = #{notiid} 
	</update>
 </mapper>